site	country	X	Y
Sahba	Jordan	36.498280303791645	32.33197119348719

