site	X	Y
Sahba	36.498280303791645	32.33197119348719